lib_name;lib_type_dblib_version_dbfunc_name_dbfunc_offset_db;test_name;test_typefunc_name_test;func_offset_test;similarity
func;dll;1;sub_62501000;0x62501000;func
func;dll;1;DllEntryPoint;0x62501060;func
func;dll;1;sub_62501140;0x62501140;func
func;dll;1;sub_625011A0;0x625011a0;func
func;dll;1;sub_62501230;0x62501230;func
func;dll;1;Func1;0x62501280;func
func;dll;1;Func10;0x625012f8;func
func;dll;1;Func11;0x62501318;func
func;dll;1;Func12;0x62501332;func
func;dll;1;Func13;0x62501365;func
func;dll;1;Func14;0x62501385;func
func;dll;1;sub_625013C0;0x625013c0;func
func;dll;1;sub_62501440;0x62501440;func
func;dll;1;TlsCallback_1;0x62501460;func
func;dll;1;TlsCallback_0;0x625014b0;func
func;dll;1;sub_62501550;0x62501550;func
func;dll;1;sub_625016F0;0x625016f0;func
func;dll;1;sub_62501790;0x62501790;func
func;dll;1;sub_625017E0;0x625017e0;func
func;dll;1;sub_625018D0;0x625018d0;func
func;dll;1;sub_62501B70;0x62501b70;func
func;dll;1;sub_62501000;0x62501000;func
func;dll;1;DllEntryPoint;0x62501060;func
func;dll;1;sub_62501140;0x62501140;func
func;dll;1;sub_625011A0;0x625011a0;func
func;dll;1;sub_62501230;0x62501230;func
func;dll;1;Func1;0x62501280;func
func;dll;1;Func10;0x625012f8;func
func;dll;1;Func11;0x62501318;func
func;dll;1;Func12;0x62501332;func
func;dll;1;Func13;0x62501365;func
func;dll;1;Func14;0x62501385;func
func;dll;1;sub_625013C0;0x625013c0;func
func;dll;1;sub_62501440;0x62501440;func
func;dll;1;TlsCallback_1;0x62501460;func
func;dll;1;TlsCallback_0;0x625014b0;func
func;dll;1;sub_62501550;0x62501550;func
func;dll;1;sub_625016F0;0x625016f0;func
func;dll;1;sub_62501790;0x62501790;func
func;dll;1;sub_625017E0;0x625017e0;func
func;dll;1;sub_625018D0;0x625018d0;func
func;dll;1;sub_62501B70;0x62501b70;func
func;dll;1;sub_62501000;0x62501000;func
func;dll;1;DllEntryPoint;0x62501060;func
func;dll;1;sub_62501140;0x62501140;func
func;dll;1;sub_625011A0;0x625011a0;func
func;dll;1;sub_62501230;0x62501230;func
func;dll;1;Func1;0x62501280;func
func;dll;1;Func10;0x625012f8;func
func;dll;1;Func11;0x62501318;func
func;dll;1;Func12;0x62501332;func
func;dll;1;Func13;0x62501365;func
func;dll;1;Func14;0x62501385;func
func;dll;1;sub_625013C0;0x625013c0;func
func;dll;1;sub_62501440;0x62501440;func
func;dll;1;TlsCallback_1;0x62501460;func
func;dll;1;TlsCallback_0;0x625014b0;func
func;dll;1;sub_62501550;0x62501550;func
func;dll;1;sub_625016F0;0x625016f0;func
func;dll;1;sub_62501790;0x62501790;func
func;dll;1;sub_625017E0;0x625017e0;func
func;dll;1;sub_625018D0;0x625018d0;func
func;dll;1;sub_62501B70;0x62501b70;func
func;dll;1;sub_62501000;0x62501000;func
func;dll;1;DllEntryPoint;0x62501060;func
func;dll;1;sub_62501140;0x62501140;func
func;dll;1;sub_625011A0;0x625011a0;func
func;dll;1;sub_62501230;0x62501230;func
func;dll;1;Func1;0x62501280;func
func;dll;1;Func10;0x625012f8;func
func;dll;1;Func11;0x62501318;func
func;dll;1;Func12;0x62501332;func
func;dll;1;Func13;0x62501365;func
func;dll;1;Func14;0x62501385;func
func;dll;1;sub_625013C0;0x625013c0;func
func;dll;1;sub_62501440;0x62501440;func
func;dll;1;TlsCallback_1;0x62501460;func
func;dll;1;TlsCallback_0;0x625014b0;func
func;dll;1;sub_62501550;0x62501550;func
func;dll;1;sub_625016F0;0x625016f0;func
func;dll;1;sub_62501790;0x62501790;func
func;dll;1;sub_625017E0;0x625017e0;func
func;dll;1;sub_625018D0;0x625018d0;func
func;dll;1;sub_62501B70;0x62501b70;func
func;dll;1;sub_62501000;0x62501000;func
func;dll;1;DllEntryPoint;0x62501060;func
func;dll;1;sub_62501140;0x62501140;func
func;dll;1;sub_625011A0;0x625011a0;func
func;dll;1;sub_62501230;0x62501230;func
func;dll;1;Func1;0x62501280;func
func;dll;1;Func10;0x625012f8;func
func;dll;1;Func11;0x62501318;func
func;dll;1;Func12;0x62501332;func
func;dll;1;Func13;0x62501365;func
func;dll;1;Func14;0x62501385;func
func;dll;1;sub_625013C0;0x625013c0;func
func;dll;1;sub_62501440;0x62501440;func
func;dll;1;TlsCallback_1;0x62501460;func
func;dll;1;TlsCallback_0;0x625014b0;func
func;dll;1;sub_62501550;0x62501550;func
func;dll;1;sub_625016F0;0x625016f0;func
func;dll;1;sub_62501790;0x62501790;func
func;dll;1;sub_625017E0;0x625017e0;func
func;dll;1;sub_625018D0;0x625018d0;func
func;dll;1;sub_62501B70;0x62501b70;func
func;dll;1;sub_62501000;0x62501000;func
func;dll;1;DllEntryPoint;0x62501060;func
func;dll;1;sub_62501140;0x62501140;func
func;dll;1;sub_625011A0;0x625011a0;func
func;dll;1;sub_62501230;0x62501230;func
func;dll;1;Func1;0x62501280;func
func;dll;1;Func10;0x625012f8;func
func;dll;1;Func11;0x62501318;func
func;dll;1;Func12;0x62501332;func
func;dll;1;Func13;0x62501365;func
func;dll;1;Func14;0x62501385;func
func;dll;1;sub_625013C0;0x625013c0;func
func;dll;1;sub_62501440;0x62501440;func
func;dll;1;TlsCallback_1;0x62501460;func
func;dll;1;TlsCallback_0;0x625014b0;func
func;dll;1;sub_62501550;0x62501550;func
func;dll;1;sub_625016F0;0x625016f0;func
func;dll;1;sub_62501790;0x62501790;func
func;dll;1;sub_625017E0;0x625017e0;func
func;dll;1;sub_625018D0;0x625018d0;func
func;dll;1;sub_62501B70;0x62501b70;func
func;dll;1;sub_62501000;0x62501000;func
func;dll;1;DllEntryPoint;0x62501060;func
func;dll;1;sub_62501140;0x62501140;func
func;dll;1;sub_625011A0;0x625011a0;func
func;dll;1;sub_62501230;0x62501230;func
func;dll;1;Func1;0x62501280;func
func;dll;1;Func10;0x625012f8;func
func;dll;1;Func11;0x62501318;func
func;dll;1;Func12;0x62501332;func
func;dll;1;Func13;0x62501365;func
func;dll;1;Func14;0x62501385;func
func;dll;1;sub_625013C0;0x625013c0;func
func;dll;1;sub_62501440;0x62501440;func
func;dll;1;TlsCallback_1;0x62501460;func
func;dll;1;TlsCallback_0;0x625014b0;func
func;dll;1;sub_62501550;0x62501550;func
func;dll;1;sub_625016F0;0x625016f0;func
func;dll;1;sub_62501790;0x62501790;func
func;dll;1;sub_625017E0;0x625017e0;func
func;dll;1;sub_625018D0;0x625018d0;func
func;dll;1;sub_62501B70;0x62501b70;func
func;dll;1;sub_62501000;0x62501000;func
func;dll;1;DllEntryPoint;0x62501060;func
func;dll;1;sub_62501140;0x62501140;func
func;dll;1;sub_625011A0;0x625011a0;func
func;dll;1;sub_62501230;0x62501230;func
func;dll;1;Func1;0x62501280;func
func;dll;1;Func10;0x625012f8;func
func;dll;1;Func11;0x62501318;func
func;dll;1;Func12;0x62501332;func
func;dll;1;Func13;0x62501365;func
func;dll;1;Func14;0x62501385;func
func;dll;1;sub_625013C0;0x625013c0;func
func;dll;1;sub_62501440;0x62501440;func
func;dll;1;TlsCallback_1;0x62501460;func
func;dll;1;TlsCallback_0;0x625014b0;func
func;dll;1;sub_62501550;0x62501550;func
func;dll;1;sub_625016F0;0x625016f0;func
func;dll;1;sub_62501790;0x62501790;func
func;dll;1;sub_625017E0;0x625017e0;func
func;dll;1;sub_625018D0;0x625018d0;func
func;dll;1;sub_62501B70;0x62501b70;func
func;dll;1;sub_62501000;0x62501000;func
func;dll;1;DllEntryPoint;0x62501060;func
func;dll;1;sub_62501140;0x62501140;func
func;dll;1;sub_625011A0;0x625011a0;func
func;dll;1;sub_62501230;0x62501230;func
func;dll;1;Func1;0x62501280;func
func;dll;1;Func10;0x625012f8;func
func;dll;1;Func11;0x62501318;func
func;dll;1;Func12;0x62501332;func
func;dll;1;Func13;0x62501365;func
func;dll;1;Func14;0x62501385;func
func;dll;1;sub_625013C0;0x625013c0;func
func;dll;1;sub_62501440;0x62501440;func
func;dll;1;TlsCallback_1;0x62501460;func
func;dll;1;TlsCallback_0;0x625014b0;func
func;dll;1;sub_62501550;0x62501550;func
func;dll;1;sub_625016F0;0x625016f0;func
func;dll;1;sub_62501790;0x62501790;func
func;dll;1;sub_625017E0;0x625017e0;func
func;dll;1;sub_625018D0;0x625018d0;func
func;dll;1;sub_62501B70;0x62501b70;func
func;dll;1;sub_62501000;0x62501000;func
func;dll;1;DllEntryPoint;0x62501060;func
func;dll;1;sub_62501140;0x62501140;func
func;dll;1;sub_625011A0;0x625011a0;func
func;dll;1;sub_62501230;0x62501230;func
func;dll;1;Func1;0x62501280;func
func;dll;1;Func10;0x625012f8;func
func;dll;1;Func11;0x62501318;func
func;dll;1;Func12;0x62501332;func
func;dll;1;Func13;0x62501365;func
func;dll;1;Func14;0x62501385;func
func;dll;1;sub_625013C0;0x625013c0;func
func;dll;1;sub_62501440;0x62501440;func
func;dll;1;TlsCallback_1;0x62501460;func
func;dll;1;TlsCallback_0;0x625014b0;func
func;dll;1;sub_62501550;0x62501550;func
func;dll;1;sub_625016F0;0x625016f0;func
func;dll;1;sub_62501790;0x62501790;func
func;dll;1;sub_625017E0;0x625017e0;func
func;dll;1;sub_625018D0;0x625018d0;func
func;dll;1;sub_62501B70;0x62501b70;func
func;dll;1;sub_62501000;0x62501000;func
func;dll;1;DllEntryPoint;0x62501060;func
func;dll;1;sub_62501140;0x62501140;func
func;dll;1;sub_625011A0;0x625011a0;func
func;dll;1;sub_62501230;0x62501230;func
func;dll;1;Func1;0x62501280;func
func;dll;1;Func10;0x625012f8;func
func;dll;1;Func11;0x62501318;func
func;dll;1;Func12;0x62501332;func
func;dll;1;Func13;0x62501365;func
func;dll;1;Func14;0x62501385;func
func;dll;1;sub_625013C0;0x625013c0;func
func;dll;1;sub_62501440;0x62501440;func
func;dll;1;TlsCallback_1;0x62501460;func
func;dll;1;TlsCallback_0;0x625014b0;func
func;dll;1;sub_62501550;0x62501550;func
func;dll;1;sub_625016F0;0x625016f0;func
func;dll;1;sub_62501790;0x62501790;func
func;dll;1;sub_625017E0;0x625017e0;func
func;dll;1;sub_625018D0;0x625018d0;func
func;dll;1;sub_62501B70;0x62501b70;func
func;dll;1;sub_62501000;0x62501000;func
func;dll;1;DllEntryPoint;0x62501060;func
func;dll;1;sub_62501140;0x62501140;func
func;dll;1;sub_625011A0;0x625011a0;func
func;dll;1;sub_62501230;0x62501230;func
func;dll;1;Func1;0x62501280;func
func;dll;1;Func10;0x625012f8;func
func;dll;1;Func11;0x62501318;func
func;dll;1;Func12;0x62501332;func
func;dll;1;Func13;0x62501365;func
func;dll;1;Func14;0x62501385;func
func;dll;1;sub_625013C0;0x625013c0;func
func;dll;1;sub_62501440;0x62501440;func
func;dll;1;TlsCallback_1;0x62501460;func
func;dll;1;TlsCallback_0;0x625014b0;func
func;dll;1;sub_62501550;0x62501550;func
func;dll;1;sub_625016F0;0x625016f0;func
func;dll;1;sub_62501790;0x62501790;func
func;dll;1;sub_625017E0;0x625017e0;func
func;dll;1;sub_625018D0;0x625018d0;func
func;dll;1;sub_62501B70;0x62501b70;func
func;dll;1;sub_62501000;0x62501000;func
func;dll;1;DllEntryPoint;0x62501060;func
func;dll;1;sub_62501140;0x62501140;func
func;dll;1;sub_625011A0;0x625011a0;func
func;dll;1;sub_62501230;0x62501230;func
func;dll;1;Func1;0x62501280;func
func;dll;1;Func10;0x625012f8;func
func;dll;1;Func11;0x62501318;func
func;dll;1;Func12;0x62501332;func
func;dll;1;Func13;0x62501365;func
func;dll;1;Func14;0x62501385;func
func;dll;1;sub_625013C0;0x625013c0;func
func;dll;1;sub_62501440;0x62501440;func
func;dll;1;TlsCallback_1;0x62501460;func
func;dll;1;TlsCallback_0;0x625014b0;func
func;dll;1;sub_62501550;0x62501550;func
func;dll;1;sub_625016F0;0x625016f0;func
func;dll;1;sub_62501790;0x62501790;func
func;dll;1;sub_625017E0;0x625017e0;func
func;dll;1;sub_625018D0;0x625018d0;func
func;dll;1;sub_62501B70;0x62501b70;func
func;dll;1;sub_62501000;0x62501000;func
func;dll;1;DllEntryPoint;0x62501060;func
func;dll;1;sub_62501140;0x62501140;func
func;dll;1;sub_625011A0;0x625011a0;func
func;dll;1;sub_62501230;0x62501230;func
func;dll;1;Func1;0x62501280;func
func;dll;1;Func10;0x625012f8;func
func;dll;1;Func11;0x62501318;func
func;dll;1;Func12;0x62501332;func
func;dll;1;Func13;0x62501365;func
func;dll;1;Func14;0x62501385;func
func;dll;1;sub_625013C0;0x625013c0;func
func;dll;1;sub_62501440;0x62501440;func
func;dll;1;TlsCallback_1;0x62501460;func
func;dll;1;TlsCallback_0;0x625014b0;func
func;dll;1;sub_62501550;0x62501550;func
func;dll;1;sub_625016F0;0x625016f0;func
func;dll;1;sub_62501790;0x62501790;func
func;dll;1;sub_625017E0;0x625017e0;func
func;dll;1;sub_625018D0;0x625018d0;func
func;dll;1;sub_62501B70;0x62501b70;func
func;dll;1;sub_62501000;0x62501000;func
func;dll;1;DllEntryPoint;0x62501060;func
func;dll;1;sub_62501140;0x62501140;func
func;dll;1;sub_625011A0;0x625011a0;func
func;dll;1;sub_62501230;0x62501230;func
func;dll;1;Func1;0x62501280;func
func;dll;1;Func10;0x625012f8;func
func;dll;1;Func11;0x62501318;func
func;dll;1;Func12;0x62501332;func
func;dll;1;Func13;0x62501365;func
func;dll;1;Func14;0x62501385;func
func;dll;1;sub_625013C0;0x625013c0;func
func;dll;1;sub_62501440;0x62501440;func
func;dll;1;TlsCallback_1;0x62501460;func
func;dll;1;TlsCallback_0;0x625014b0;func
func;dll;1;sub_62501550;0x62501550;func
func;dll;1;sub_625016F0;0x625016f0;func
func;dll;1;sub_62501790;0x62501790;func
func;dll;1;sub_625017E0;0x625017e0;func
func;dll;1;sub_625018D0;0x625018d0;func
func;dll;1;sub_62501B70;0x62501b70;func
func;dll;1;sub_62501000;0x62501000;func
func;dll;1;DllEntryPoint;0x62501060;func
func;dll;1;sub_62501140;0x62501140;func
func;dll;1;sub_625011A0;0x625011a0;func
func;dll;1;sub_62501230;0x62501230;func
func;dll;1;Func1;0x62501280;func
func;dll;1;Func10;0x625012f8;func
func;dll;1;Func11;0x62501318;func
func;dll;1;Func12;0x62501332;func
func;dll;1;Func13;0x62501365;func
func;dll;1;Func14;0x62501385;func
func;dll;1;sub_625013C0;0x625013c0;func
func;dll;1;sub_62501440;0x62501440;func
func;dll;1;TlsCallback_1;0x62501460;func
func;dll;1;TlsCallback_0;0x625014b0;func
func;dll;1;sub_62501550;0x62501550;func
func;dll;1;sub_625016F0;0x625016f0;func
func;dll;1;sub_62501790;0x62501790;func
func;dll;1;sub_625017E0;0x625017e0;func
func;dll;1;sub_625018D0;0x625018d0;func
func;dll;1;sub_62501B70;0x62501b70;func
func;dll;1;sub_62501000;0x62501000;func
func;dll;1;DllEntryPoint;0x62501060;func
func;dll;1;sub_62501140;0x62501140;func
func;dll;1;sub_625011A0;0x625011a0;func
func;dll;1;sub_62501230;0x62501230;func
func;dll;1;Func1;0x62501280;func
func;dll;1;Func10;0x625012f8;func
func;dll;1;Func11;0x62501318;func
func;dll;1;Func12;0x62501332;func
func;dll;1;Func13;0x62501365;func
func;dll;1;Func14;0x62501385;func
func;dll;1;sub_625013C0;0x625013c0;func
func;dll;1;sub_62501440;0x62501440;func
func;dll;1;TlsCallback_1;0x62501460;func
func;dll;1;TlsCallback_0;0x625014b0;func
func;dll;1;sub_62501550;0x62501550;func
func;dll;1;sub_625016F0;0x625016f0;func
func;dll;1;sub_62501790;0x62501790;func
func;dll;1;sub_625017E0;0x625017e0;func
func;dll;1;sub_625018D0;0x625018d0;func
func;dll;1;sub_62501B70;0x62501b70;func
func;dll;1;sub_62501000;0x62501000;func
func;dll;1;DllEntryPoint;0x62501060;func
func;dll;1;sub_62501140;0x62501140;func
func;dll;1;sub_625011A0;0x625011a0;func
func;dll;1;sub_62501230;0x62501230;func
func;dll;1;Func1;0x62501280;func
func;dll;1;Func10;0x625012f8;func
func;dll;1;Func11;0x62501318;func
func;dll;1;Func12;0x62501332;func
func;dll;1;Func13;0x62501365;func
func;dll;1;Func14;0x62501385;func
func;dll;1;sub_625013C0;0x625013c0;func
func;dll;1;sub_62501440;0x62501440;func
func;dll;1;TlsCallback_1;0x62501460;func
func;dll;1;TlsCallback_0;0x625014b0;func
func;dll;1;sub_62501550;0x62501550;func
func;dll;1;sub_625016F0;0x625016f0;func
func;dll;1;sub_62501790;0x62501790;func
func;dll;1;sub_625017E0;0x625017e0;func
func;dll;1;sub_625018D0;0x625018d0;func
func;dll;1;sub_62501B70;0x62501b70;func
func;dll;1;sub_62501000;0x62501000;func
func;dll;1;DllEntryPoint;0x62501060;func
func;dll;1;sub_62501140;0x62501140;func
func;dll;1;sub_625011A0;0x625011a0;func
func;dll;1;sub_62501230;0x62501230;func
func;dll;1;Func1;0x62501280;func
func;dll;1;Func10;0x625012f8;func
func;dll;1;Func11;0x62501318;func
func;dll;1;Func12;0x62501332;func
func;dll;1;Func13;0x62501365;func
func;dll;1;Func14;0x62501385;func
func;dll;1;sub_625013C0;0x625013c0;func
func;dll;1;sub_62501440;0x62501440;func
func;dll;1;TlsCallback_1;0x62501460;func
func;dll;1;TlsCallback_0;0x625014b0;func
func;dll;1;sub_62501550;0x62501550;func
func;dll;1;sub_625016F0;0x625016f0;func
func;dll;1;sub_62501790;0x62501790;func
func;dll;1;sub_625017E0;0x625017e0;func
func;dll;1;sub_625018D0;0x625018d0;func
func;dll;1;sub_62501B70;0x62501b70;func
func;dll;1;sub_62501000;0x62501000;func
func;dll;1;DllEntryPoint;0x62501060;func
func;dll;1;sub_62501140;0x62501140;func
func;dll;1;sub_625011A0;0x625011a0;func
func;dll;1;sub_62501230;0x62501230;func
func;dll;1;Func1;0x62501280;func
func;dll;1;Func10;0x625012f8;func
func;dll;1;Func11;0x62501318;func
func;dll;1;Func12;0x62501332;func
func;dll;1;Func13;0x62501365;func
func;dll;1;Func14;0x62501385;func
func;dll;1;sub_625013C0;0x625013c0;func
func;dll;1;sub_62501440;0x62501440;func
func;dll;1;TlsCallback_1;0x62501460;func
func;dll;1;TlsCallback_0;0x625014b0;func
func;dll;1;sub_62501550;0x62501550;func
func;dll;1;sub_625016F0;0x625016f0;func
func;dll;1;sub_62501790;0x62501790;func
func;dll;1;sub_625017E0;0x625017e0;func
func;dll;1;sub_625018D0;0x625018d0;func
func;dll;1;sub_62501B70;0x62501b70;func
func;dll;1;sub_62501000;0x62501000;func
func;dll;1;DllEntryPoint;0x62501060;func
func;dll;1;sub_62501140;0x62501140;func
func;dll;1;sub_625011A0;0x625011a0;func
func;dll;1;sub_62501230;0x62501230;func
func;dll;1;Func1;0x62501280;func
func;dll;1;Func10;0x625012f8;func
func;dll;1;Func11;0x62501318;func
func;dll;1;Func12;0x62501332;func
func;dll;1;Func13;0x62501365;func
func;dll;1;Func14;0x62501385;func
func;dll;1;sub_625013C0;0x625013c0;func
func;dll;1;sub_62501440;0x62501440;func
func;dll;1;TlsCallback_1;0x62501460;func
func;dll;1;TlsCallback_0;0x625014b0;func
func;dll;1;sub_62501550;0x62501550;func
func;dll;1;sub_625016F0;0x625016f0;func
func;dll;1;sub_62501790;0x62501790;func
func;dll;1;sub_625017E0;0x625017e0;func
func;dll;1;sub_625018D0;0x625018d0;func
func;dll;1;sub_62501B70;0x62501b70;func
